{
  "happy": {
    "precision": 0.9316770186335404,
    "recall": 0.9183673469387755,
    "f1-score": 0.9249743062692704,
    "support": 490.0
  },
  "neutral": {
    "precision": 0.6966911764705882,
    "recall": 0.773469387755102,
    "f1-score": 0.7330754352030948,
    "support": 490.0
  },
  "sad": {
    "precision": 0.7759815242494227,
    "recall": 0.6857142857142857,
    "f1-score": 0.7280606717226435,
    "support": 490.0
  },
  "surprise": {
    "precision": 0.83,
    "recall": 0.8469387755102041,
    "f1-score": 0.8383838383838383,
    "support": 490.0
  },
  "accuracy": 0.8061224489795918,
  "macro avg": {
    "precision": 0.8085874298383878,
    "recall": 0.806122448979592,
    "f1-score": 0.8061235628947118,
    "support": 1960.0
  },
  "weighted avg": {
    "precision": 0.8085874298383878,
    "recall": 0.8061224489795918,
    "f1-score": 0.8061235628947119,
    "support": 1960.0
  }
}